arch,T,seed,final_loss,history,ckpt
gru,4,0,0.30447807651141595,"[0.6369040358169326, 0.4081054193192515, 0.3881386025198575, 0.36990361306174047, 0.30447807651141595]",outputs/part3/ckpt_gru_T4_seed0.pth
gru,4,1,0.26582105514304394,"[0.610840323978457, 0.33016661554574966, 0.2881275274373334, 0.2655797669599796, 0.26582105514304394]",outputs/part3/ckpt_gru_T4_seed1.pth
gru,4,2,0.25161048818765014,"[0.5447146284682998, 0.32350533727941844, 0.2725097262139978, 0.2652927774293669, 0.25161048818765014]",outputs/part3/ckpt_gru_T4_seed2.pth
gru,8,0,0.6710603910808762,"[1.8409345547358196, 0.9679589321215948, 0.8349524281091161, 0.6824346005192233, 0.6710603910808762]",outputs/part3/ckpt_gru_T8_seed0.pth
gru,8,1,0.5173595675991641,"[1.7437969984279738, 0.7586367705629932, 0.6406374453670449, 0.6073215566575527, 0.5173595675991641]",outputs/part3/ckpt_gru_T8_seed1.pth
gru,8,2,0.6593409304817518,"[1.6930486261844635, 0.8358838458855947, 0.66498456026117, 0.6832831754452653, 0.6593409304817518]",outputs/part3/ckpt_gru_T8_seed2.pth
gru,16,0,1.4765669455130894,"[4.658033390839894, 2.06443319718043, 1.696725274125735, 1.3657425021131833, 1.4765669455130894]",outputs/part3/ckpt_gru_T16_seed0.pth
gru,16,1,1.6021568444040086,"[5.3246492313014135, 2.4140762421819897, 2.1405140029059515, 1.6934466047419443, 1.6021568444040086]",outputs/part3/ckpt_gru_T16_seed1.pth
gru,16,2,1.3333745168315039,"[4.259920070568721, 1.887120599548022, 1.7769218583901722, 1.5363957070642047, 1.3333745168315039]",outputs/part3/ckpt_gru_T16_seed2.pth
gru,32,0,2.953429820636908,"[13.576445252841545, 5.160713820614749, 4.2112069262398615, 3.6321023835076227, 2.953429820636908]",outputs/part3/ckpt_gru_T32_seed0.pth
gru,32,1,3.2558461212449603,"[13.018019292089674, 5.753689898384942, 4.148878243234423, 3.7164665708939233, 3.2558461212449603]",outputs/part3/ckpt_gru_T32_seed1.pth
gru,32,2,3.5690552062458463,"[12.238578081130981, 4.823634838892354, 4.032654378149244, 3.884812443413668, 3.5690552062458463]",outputs/part3/ckpt_gru_T32_seed2.pth
simple,4,0,0.14801854316530558,"[1.0253905412451974, 0.24917293077912825, 0.20374501923034932, 0.15076404501651897, 0.14801854316530558]",outputs/part3/ckpt_simple_T4_seed0.pth
simple,4,1,0.1420708251410517,"[1.0953043592387233, 0.2639064255459555, 0.17882739737116057, 0.15465866224519137, 0.1420708251410517]",outputs/part3/ckpt_simple_T4_seed1.pth
simple,4,2,0.13935448671209402,"[1.0850461239444797, 0.2464417242798312, 0.17902333746696342, 0.1751245670277497, 0.13935448671209402]",outputs/part3/ckpt_simple_T4_seed2.pth
simple,8,0,0.34419438139432007,"[3.0697364488409624, 0.7580877403832145, 0.5161861698660586, 0.3926323037594557, 0.34419438139432007]",outputs/part3/ckpt_simple_T8_seed0.pth
simple,8,1,0.32130472879442906,"[3.1634011384513645, 0.7577985510643985, 0.4632029150509172, 0.3620605305251148, 0.32130472879442906]",outputs/part3/ckpt_simple_T8_seed1.pth
simple,8,2,0.30288067522148293,"[3.1085252525905767, 0.7064293639527427, 0.44637328365610707, 0.3951208227210575, 0.30288067522148293]",outputs/part3/ckpt_simple_T8_seed2.pth
simple,16,0,0.8339101697007815,"[8.829942683378855, 2.30104394753774, 1.351547973851363, 0.9475554790761735, 0.8339101697007815]",outputs/part3/ckpt_simple_T16_seed0.pth
simple,16,1,0.7792831837303109,"[9.414459851053026, 2.1070989121993384, 1.1904102205816243, 0.8488995648092694, 0.7792831837303109]",outputs/part3/ckpt_simple_T16_seed1.pth
simple,16,2,0.6414283720983399,"[9.153520166873932, 1.91295991341273, 1.1401531398296356, 0.8667308282521036, 0.6414283720983399]",outputs/part3/ckpt_simple_T16_seed2.pth
simple,32,0,2.0124139851993985,"[25.771897474924724, 6.859189987182617, 3.5360664327939353, 2.4406874974568686, 2.0124139851993985]",outputs/part3/ckpt_simple_T32_seed0.pth
simple,32,1,2.050203906165229,"[26.003043452898662, 7.212645457850562, 3.0344809095064798, 2.6234781079822116, 2.050203906165229]",outputs/part3/ckpt_simple_T32_seed1.pth
simple,32,2,1.9232601622740428,"[25.514682690302532, 6.192763169606526, 3.6606200536092124, 2.543926546143161, 1.9232601622740428]",outputs/part3/ckpt_simple_T32_seed2.pth
lstm,4,0,0.19412438273429872,"[1.9235576010983566, 0.4632861898890857, 0.31194247644523093, 0.22364599324505904, 0.19412438273429872]",outputs/part3/ckpt_lstm_T4_seed0.pth
lstm,4,1,0.20650834944741478,"[1.8444292808401173, 0.4863827058981205, 0.3102299451828003, 0.2676599318611211, 0.20650834944741478]",outputs/part3/ckpt_lstm_T4_seed1.pth
lstm,4,2,0.20173529067943835,"[1.8405821041814212, 0.45084515625032884, 0.3206152213030848, 0.2547767624772828, 0.20173529067943835]",outputs/part3/ckpt_lstm_T4_seed2.pth
lstm,8,0,0.5231502650098668,"[5.303704645898607, 1.3784901466634538, 0.8338204506370757, 0.6703795937614309, 0.5231502650098668]",outputs/part3/ckpt_lstm_T8_seed0.pth
lstm,8,1,0.46915136588116485,"[5.302375690804587, 1.3752906272808711, 0.8138932697474957, 0.6143578787644705, 0.46915136588116485]",outputs/part3/ckpt_lstm_T8_seed1.pth
lstm,8,2,0.5065298492295874,"[5.284431959191958, 1.3308157846331596, 0.7810383662581444, 0.6421691181345118, 0.5065298492295874]",outputs/part3/ckpt_lstm_T8_seed2.pth
lstm,16,0,1.293289297984706,"[15.045053402582804, 4.193773037857479, 2.3432829644944935, 1.635706537299686, 1.293289297984706]",outputs/part3/ckpt_lstm_T16_seed0.pth
lstm,16,1,1.3020072111652956,"[14.56887686252594, 3.911023532350858, 2.4887430204285517, 1.6852591385444005, 1.3020072111652956]",outputs/part3/ckpt_lstm_T16_seed1.pth
lstm,16,2,1.1720067845243547,"[14.138007521629333, 3.831424547566308, 2.403328617413839, 1.6735359181960423, 1.1720067845243547]",outputs/part3/ckpt_lstm_T16_seed2.pth
lstm,32,0,3.9560325543085733,"[38.16908465491401, 15.457288053300646, 8.592490302191841, 5.258225467469957, 3.9560325543085733]",outputs/part3/ckpt_lstm_T32_seed0.pth
lstm,32,1,4.277951730622186,"[37.520784589979385, 13.977010640833113, 7.337529275152418, 5.100321306122674, 4.277951730622186]",outputs/part3/ckpt_lstm_T32_seed1.pth
lstm,32,2,4.220939530266656,"[36.63008573320177, 14.613836076524523, 6.294327477614085, 4.691335353586409, 4.220939530266656]",outputs/part3/ckpt_lstm_T32_seed2.pth
